{"schemaVersion":"1.0","appDefinitionTemplate":{"id":"/providers/Microsoft.PowerApps/apps/","type":"Microsoft.PowerApps/apps","tags":{"primaryDeviceWidth":"1366","primaryDeviceHeight":"768","sienaVersion":"20211027T043122Z-3.21102.25.0","deviceCapabilities":"webcam","supportsPortrait":"false","supportsLandscape":"true","primaryFormFactor":"Tablet","publisherVersion":"3.21102.25","minimumRequiredApiVersion":"2.2.0","hasComponent":"false","hasUnlockedComponent":"false","isUnifiedRootApp":"false"},"properties":{"appVersion":"2021-10-27T04:31:22Z","lifeCycleId":"Published","createdByClientVersion":{"major":3,"minor":21102,"build":25,"revision":0,"majorRevision":0,"minorRevision":0},"minClientVersion":{"major":3,"minor":21102,"build":25,"revision":0,"majorRevision":0,"minorRevision":0},"backgroundColor":"rgba(236, 41, 84, 1)","backgroundImageUri":"/17251100675128463146/N53f64744-bb89-4e37-b7aa-84454377d2b9-logoSmallFile","displayName":"Meeting Capture Demo","description":"An all-in-one meeting capture tool. View meeting details, capture notes and pictures of whiteboards, assign tasks and send to all meeting attendees in one click.","commitMessage":"","appUris":{"documentUri":{"value":"/17251100675128463146/Nd45eca3b-19c7-4ad3-a187-7633a8d733d1-document.msapp"},"imageUris":[]},"createdTime":"0001-01-01T00:00:00Z","lastModifiedTime":"0001-01-01T00:00:00Z","sharedGroupsCount":0,"sharedUsersCount":0,"icons":{"smallIconUri":"/17251100675128463146/N147dd606-8ea2-4493-86a2-294d286008f3-small.png","mediumIconUri":"/17251100675128463146/N3b8de071-7cb6-4199-b8fc-65140be55e8d-medium.png","largeIconUri":"/17251100675128463146/N27597c2e-9429-4d20-ac6e-4c897d769860-large.png","wideIconUri":"/17251100675128463146/N2cc0f02d-6696-45ee-b6ef-b783c66c3163-wide.png"},"connectionReferences":{"6b2de656-facb-41aa-b502-bb84e6da4768":{"id":"84e5e84a-ffc7-4775-a7d4-ba1417427654","displayName":"Office 365-Benutzer","iconUri":"https://connectoricons-prod.azureedge.net/releases/v1.0.1528/1.0.1528.2589/office365users/icon.png","dataSources":["Office365Users"],"dependencies":[],"dependents":[],"parameterHints":{},"parameterHintsV2":{},"isOnPremiseConnection":false,"bypassConsent":false,"dataSets":{},"apiTier":"Standard","isCustomApiConnection":false,"actions":["MyProfile","SearchUser","UserPhotoMetadata","UserPhoto","UserProfileV2"]},"0709996f-842f-4d9b-9d21-618afede1a91":{"id":"8041df49-83b6-4364-a18d-fd7eed2b4c1f","displayName":"OneNote (Business)","iconUri":"https://connectoricons-prod.azureedge.net/releases/v1.0.1527/1.0.1527.2580/onenote/icon.png","dataSources":["OneNote(Business)"],"dependencies":[],"dependents":[],"parameterHints":{},"parameterHintsV2":{},"isOnPremiseConnection":false,"bypassConsent":false,"dataSets":{},"apiTier":"Standard","isCustomApiConnection":false,"actions":["CreatePageInSection","GetNotebooks","GetSectionsInNotebook"]},"5867dfa2-c11f-4590-8528-e575cc1e8f82":{"id":"6221ebef-6629-49bc-acf9-2c9508f7853c","displayName":"Planner","iconUri":"https://connectoricons-prod.azureedge.net/releases/v1.0.1513/1.0.1513.2549/planner/icon.png","dataSources":["Planner"],"dependencies":[],"dependents":[],"parameterHints":{},"parameterHintsV2":{},"isOnPremiseConnection":false,"bypassConsent":false,"dataSets":{},"apiTier":"Standard","isCustomApiConnection":false,"actions":["CreateTask","ListMyPlans","ListBuckets"]},"b84d29d0-5308-4b11-89e9-65a038c53cff":{"id":"f0fecbfb-476b-4ea5-9082-23cf7ff63f6a","displayName":"Office 365 Outlook","iconUri":"https://connectoricons-prod.azureedge.net/releases/v1.0.1521/1.0.1521.2575/office365/icon.png","dataSources":["Office365Outlook"],"dependencies":[],"dependents":[],"parameterHints":{},"parameterHintsV2":{},"isOnPremiseConnection":false,"bypassConsent":false,"dataSets":{},"apiTier":"Standard","isCustomApiConnection":false,"actions":["CalendarGetTables","GetEventsCalendarView","SendEmail","V4CalendarPostItem","FindMeetingTimes"]}},"databaseReferences":{},"almMode":"Environment","performanceOptimizationEnabled":true,"canConsumeAppPass":true,"executionRestrictions":{"isTeamsOnly":false,"dataLossPreventionEvaluationResult":{"status":"Compliant","lastEvaluationDate":"2021-10-13T11:31:57.0866555Z","violations":[],"violationsByPolicy":[],"violationErrorMessage":"Die App verwendet die folgenden Connectors: shared_office365users, shared_onenote, shared_planner, shared_office365."}}},"appType":"ClassicCanvasApp","appComponents":[]}}